page	rubric	author	title
3	Официальная часть		Поздравительные телеграммы, полученные Патриархом Сергием из-за границы, и его телеграммы за границу к празднику Рождества Христова и к Новому году
5	Официальная часть		Телеграммы Патриарха Сергия и Митрополита Николая И. В. Сталину
7	Официальная часть		Воссоединение обновленческих священнослужителей с Православной Церковью
9	Речи, проповеди		Речь Митрополита Николая, произнесенная 9 января 1944 г. при служении Св. Патриарха Сергия с духовенством г. Москвы
11	Церковная жизнь		Назначения на свободные архиерейские кафедры
12	Церковная жизнь		Православная Церковь — Родине
13	Статьи	Митрополит Николай	Верховный вождь страны и Красной Армии
16	Статьи	Митрополит Николай	О русских женщинах-патриотках
19	Статьи	Т. М. Богословский	Патриарх Гермоген — великий патриот земли русской
21	Статьи	А. О.	Св. Священномученик Исидор, пресвитер Юрьевский, и 72 иже с ним
23	Статьи	М. Архангельский	Патриотизм православного духовенства
26	Корреспонденции с мест		Корреспонденции с мест
30	(вне оглавления)		Объявления Богословского института и Богословско-пастырских курсов
