issue,group,count,per10k
1944-01,Евангелия,1,1.4
1944-01,Деяния,0,0.0
1944-01,Послания,0,0.0
1944-01,Апокалипсис,0,0.0
1944-01,Псалтирь,0,0.0
1944-01,Ветхий Завет,0,0.0
1960-01,Евангелия,26,8.8
1960-01,Деяния,24,8.1
1960-01,Послания,16,5.4
1960-01,Апокалипсис,0,0.0
1960-01,Псалтирь,1,0.3
1960-01,Ветхий Завет,10,3.4
1982-01,Евангелия,44,10.4
1982-01,Деяния,12,2.8
1982-01,Послания,36,8.5
1982-01,Апокалипсис,1,0.2
1982-01,Псалтирь,2,0.5
1982-01,Ветхий Завет,8,1.9
2010-01,Евангелия,16,5.6
2010-01,Деяния,2,0.7
2010-01,Послания,19,6.7
2010-01,Апокалипсис,0,0.0
2010-01,Псалтирь,2,0.7
2010-01,Ветхий Завет,4,1.4
