issue,abbr,example
1944-01,Иоанна,"Иоанна, 10, 4"
1960-01,Аввак,"Аввак. 3, 3"
1960-01,Даниил,"Даниил. 2, 4"
1960-01,Деян,"Деян. 17, 2"
1960-01,Евр,"Евр. 12, 2"
1960-01,Ефес,"Ефес. 2, 1"
1960-01,Иоан,"Иоан. 2, 4"
1960-01,Исаии,"Исаии 2, 4"
1960-01,Колос,"Колос. 3, 3"
1960-01,Кор,"2 Кор. 5, 1"
1960-01,Лк,"Лк. 2, 1"
1960-01,Мф,"Мф. 24, 6"
1960-01,Псал,"Псал. 84, 9"
1960-01,Тим,"1 Тим. 3, 1"
1960-01,Числ,"Числ. 24, 1"
1982-01,Быт,"Быт. 48, 7"
1982-01,Гал,"Гал. 2, 2"
1982-01,Деян,"Деян. 20, 2"
1982-01,Евр,"Евр. 1, 3"
1982-01,Еф,"Еф. 5, 8"
1982-01,Иак,"Иак. 2, 5"
1982-01,Ин,"Ин. 19, 3"
1982-01,Ис,"Ис. 11, 6"
1982-01,Кол,"Кол. 3, 1"
1982-01,Кор,"1 Кор. 5, 8"
1982-01,Лев,"Лев. 18, 5"
1982-01,Лк,"Лк. 2, 1"
1982-01,Мк,"Мк. 16, 6"
1982-01,Мф,"Мф. 5, 1"
1982-01,Откр,"Откр. 1, 6"
1982-01,Пет,"1 Пет. 2, 9"
1982-01,Притч,"Притч. 11, 1"
1982-01,Пс,"Пс. 106, 1"
1982-01,Рим,"Рим. 12, 1"
1982-01,Тим,"1 Тим. 4, 1"
1982-01,Тит,"Тит. 2, 1"
1982-01,Флп,"Флп. 2, 8"
2010-01,Гал,"Гал. 6, 2"
2010-01,Деян,"Деян. 15, 4"
2010-01,Евр,"Евр. 13, 8"
2010-01,Еф,"Еф. 5, 2"
2010-01,Иер,"Иер. 1, 7"
2010-01,Ин,"Ин. 1, 9"
2010-01,Кор,"2 Кор. 10, 5"
2010-01,Лк,"Лк. 10, 2"
2010-01,Мал,"Мал. 1, 1"
2010-01,Мк,"Мк. 10, 4"
2010-01,Мф,"Мф. 28, 2"
2010-01,Ос,"Ос. 2, 2"
2010-01,Пет,"1 Пет. 5, 3"
2010-01,Притч,"Притч. 31, 2"
2010-01,Пс,"Пс. 36, 2"
2010-01,Рим,"Рим. 12, 1"
2010-01,Тим,"1 Тим. 4, 1"
2010-01,Тит,"Тит. 1, 7"
2010-01,Фес,"1 Фес. 1, 3"
2010-01,Флп,"Флп. 2, 1"
