issue,book,count
1944-01,Ин,1
1960-01,Деян,24
1960-01,Лк,14
1960-01,Ин,7
1960-01,Еф,6
1960-01,Мф,5
1960-01,Кор,5
1960-01,Ис,5
1960-01,Евр,3
1960-01,Авв,3
1960-01,Пс,1
1960-01,Чис,1
1960-01,Дан,1
1960-01,Тим,1
1960-01,Кол,1
1982-01,Мф,20
1982-01,Деян,12
1982-01,Тим,11
1982-01,Ин,11
1982-01,Лк,8
1982-01,Кор,6
1982-01,Мк,5
1982-01,Быт,5
1982-01,Пет,4
1982-01,Еф,4
1982-01,Рим,3
1982-01,Тит,2
1982-01,Флп,2
1982-01,Пс,2
1982-01,Иак,1
1982-01,Притч,1
1982-01,Гал,1
1982-01,Лев,1
1982-01,Евр,1
1982-01,Откр,1
1982-01,Ис,1
1982-01,Кол,1
2010-01,Ин,8
2010-01,Мф,6
2010-01,Евр,4
2010-01,Рим,3
2010-01,Гал,2
2010-01,Пет,2
2010-01,Деян,2
2010-01,Пс,2
2010-01,Кор,2
2010-01,Еф,2
2010-01,Притч,1
2010-01,Тит,1
2010-01,Тим,1
2010-01,Иер,1
2010-01,Ос,1
2010-01,Флп,1
2010-01,Мк,1
2010-01,Мал,1
2010-01,Фес,1
2010-01,Лк,1
