church,issue,count
Константинопольская,1944-01,0
Константинопольская,1960-01,2
Константинопольская,1982-01,4
Константинопольская,2010-01,5
Александрийская,1944-01,0
Александрийская,1960-01,4
Александрийская,1982-01,0
Александрийская,2010-01,0
Антиохийская,1944-01,1
Антиохийская,1960-01,13
Антиохийская,1982-01,12
Антиохийская,2010-01,2
Иерусалимская,1944-01,1
Иерусалимская,1960-01,2
Иерусалимская,1982-01,34
Иерусалимская,2010-01,0
Грузинская,1944-01,0
Грузинская,1960-01,2
Грузинская,1982-01,3
Грузинская,2010-01,3
Сербская,1944-01,0
Сербская,1960-01,1
Сербская,1982-01,3
Сербская,2010-01,1
Румынская,1944-01,0
Румынская,1960-01,1
Румынская,1982-01,9
Румынская,2010-01,2
Болгарская,1944-01,0
Болгарская,1960-01,3
Болгарская,1982-01,4
Болгарская,2010-01,3
Кипрская,1944-01,0
Кипрская,1960-01,2
Кипрская,1982-01,1
Кипрская,2010-01,2
Элладская,1944-01,0
Элладская,1960-01,0
Элладская,1982-01,1
Элладская,2010-01,2
Польская,1944-01,0
Польская,1960-01,4
Польская,1982-01,0
Польская,2010-01,0
Чехословацкая,1944-01,0
Чехословацкая,1960-01,5
Чехословацкая,1982-01,3
Чехословацкая,2010-01,0
Американская,1944-01,0
Американская,1960-01,0
Американская,1982-01,1
Американская,2010-01,8
Римско-Католическая,1944-01,0
Римско-Католическая,1960-01,2
Римско-Католическая,1982-01,9
Римско-Католическая,2010-01,3
Лютеранские и евангелические,1944-01,0
Лютеранские и евангелические,1960-01,26
Лютеранские и евангелические,1982-01,41
Лютеранские и евангелические,2010-01,0
Англиканская,1944-01,0
Англиканская,1960-01,4
Англиканская,1982-01,3
Англиканская,2010-01,0
Старообрядцы,1944-01,0
Старообрядцы,1960-01,0
Старообрядцы,1982-01,6
Старообрядцы,2010-01,6
