formula,issue,count,per10k
Святейший (во всех формах),1944-01,31,42.0
Святейший (во всех формах),1960-01,38,12.8
Святейший (во всех формах),1982-01,161,38.1
Святейший (во всех формах),2010-01,90,31.6
Блаженнейший,1944-01,3,4.1
Блаженнейший,1960-01,18,6.1
Блаженнейший,1982-01,74,17.5
Блаженнейший,2010-01,6,2.1
Высокопреосвященнейший / Высокопреосвященство,1944-01,0,0.0
Высокопреосвященнейший / Высокопреосвященство,1960-01,36,12.2
Высокопреосвященнейший / Высокопреосвященство,1982-01,23,5.4
Высокопреосвященнейший / Высокопреосвященство,2010-01,2,0.7
Преосвященный / Преосвященство,1944-01,0,0.0
Преосвященный / Преосвященство,1960-01,18,6.1
Преосвященный / Преосвященство,1982-01,9,2.1
Преосвященный / Преосвященство,2010-01,9,3.2
«Патриарх Московский и всея Руси»,1944-01,2,2.7
«Патриарх Московский и всея Руси»,1960-01,9,3.0
«Патриарх Московский и всея Руси»,1982-01,27,6.4
«Патриарх Московский и всея Руси»,2010-01,28,9.8
«Ваше Святейшество / Блаженство»,1944-01,5,6.8
«Ваше Святейшество / Блаженство»,1960-01,4,1.4
«Ваше Святейшество / Блаженство»,1982-01,13,3.1
«Ваше Святейшество / Блаженство»,2010-01,12,4.2
«Возлюбленные о Господе…»,1944-01,0,0.0
«Возлюбленные о Господе…»,1960-01,0,0.0
«Возлюбленные о Господе…»,1982-01,3,0.7
«Возлюбленные о Господе…»,2010-01,3,1.1
«о Христе»,1944-01,0,0.0
«о Христе»,1960-01,3,1.0
«о Христе»,1982-01,2,0.5
«о Христе»,2010-01,0,0.0
«по благословению»,1944-01,1,1.4
«по благословению»,1960-01,0,0.0
«по благословению»,1982-01,2,0.5
«по благословению»,2010-01,3,1.1
«многая лета»,1944-01,1,1.4
«многая лета»,1960-01,0,0.0
«многая лета»,1982-01,1,0.2
«многая лета»,2010-01,0,0.0
