name,issue,count
Иоанн Златоуст,1960-01,5
Иоанн Златоуст,1982-01,4
Иоанн Златоуст,2010-01,3
Василий Великий,1982-01,6
Григорий Богослов,1960-01,1
Григорий Богослов,2010-01,1
Афанасий Великий,1960-01,2
Иоанн Дамаскин,1960-01,1
Иоанн Дамаскин,1982-01,2
Ириней Лионский,1960-01,1
Ириней Лионский,1982-01,1
Григорий Палама,1960-01,1
Игнатий Богоносец,1960-01,1
Игнатий Богоносец,2010-01,1
Сергий Радонежский,1944-01,1
Сергий Радонежский,1960-01,3
Сергий Радонежский,1982-01,24
Сергий Радонежский,2010-01,4
Серафим Саровский,1982-01,1
Серафим Саровский,2010-01,2
Феофан Затворник,2010-01,4
Игнатий (Брянчанинов),2010-01,2
Филарет Московский,2010-01,6
Паисий Величковский,2010-01,1
Иосиф Волоцкий,1982-01,2
Иосиф Волоцкий,2010-01,1
Патриарх Гермоген,1944-01,4
