issue,distinct,rank,name,count
1944-01,18,Патриарх,Сергий,22
1944-01,18,Митрополит,Николай,8
1944-01,18,Митрополит,Алексий,7
1944-01,18,Архиепископ,Андрей,2
1944-01,18,Митрополит,Тихон,2
1944-01,18,Архиепископ,Пётр,2
1960-01,59,Митрополит,Николай,41
1960-01,59,Патриарх,Алексий,28
1960-01,59,Митрополит,Питирим,9
1960-01,59,Епископ,Василий,9
1960-01,59,Патриарх,Феодосий,6
1960-01,59,Епископ,Иоанн,5
1982-01,83,Патриарх,Пимен,90
1982-01,83,Митрополит,Николай,58
1982-01,83,Митрополит,Филарет,29
1982-01,83,Митрополит,Алексий,28
1982-01,83,Патриарх,Диодор,24
1982-01,83,Митрополит,Сергий,21
2010-01,31,Патриарх,Кирилл,55
2010-01,31,Патриарх,Алексий,15
2010-01,31,Митрополит,Серапион,8
2010-01,31,Митрополит,Иона,5
2010-01,31,Архиепископ,Варсонофий,4
2010-01,31,Архиепископ,Евгений,4
