issue,lemma,freq,ipm10k,ipm10k_rest,g2
1944-01,родина,34,68.5,2.7,116.1
1944-01,вождь,19,38.3,0.2,93.1
1944-01,победа,25,50.4,1.5,92.4
1944-01,армия,21,42.3,0.8,86.8
1944-01,обновленческий,15,30.2,0.2,72.3
1944-01,враг,20,40.3,1.7,67.5
1944-01,женщина,24,48.3,3.7,64.4
1944-01,подвиг,23,46.3,4.0,58.2
1944-01,фашистский,13,26.2,0.6,51.1
1944-01,патриотический,13,26.2,0.8,48.5
1944-01,немец,10,20.1,0.2,46.6
1944-01,красный,14,28.2,1.4,44.9
1960-01,союз,60,31.7,4.1,78.5
1960-01,пастор,77,40.7,8.1,74.5
1960-01,иудей,26,13.7,0.4,55.3
1960-01,мир,186,98.2,46.9,54.4
1960-01,брат,49,25.9,4.4,53.2
1960-01,христос,108,57.0,20.7,53.2
1960-01,фест,19,10.0,0.0,50.1
1960-01,высокопреосвященный,33,17.4,1.9,46.5
1960-01,христианин,68,35.9,10.2,46.3
1960-01,римский,26,13.7,1.2,41.4
1960-01,путешествие,20,10.6,0.4,40.5
1960-01,поездка,24,12.7,1.0,39.7
1982-01,издательский,56,20.1,0.0,104.6
1982-01,святой,372,133.8,59.7,101.3
1982-01,евхаристия,49,17.6,0.0,91.5
1982-01,собеседование,41,14.8,0.0,76.6
1982-01,октябрь,56,20.1,3.3,48.5
1982-01,отдел,95,34.2,10.3,47.8
1982-01,священство,32,11.5,0.5,46.5
1982-01,любовь,139,50.0,20.3,45.2
1982-01,иерусалимский,50,18.0,2.8,44.4
1982-01,член,75,27.0,7.0,44.4
1982-01,заседание,44,15.8,2.1,42.9
1982-01,преподобный,53,19.1,3.5,42.2
2010-01,информационный,42,22.1,0.0,110.4
2010-01,рассказ,50,26.3,0.8,105.4
2010-01,текст,48,25.3,0.6,105.2
2010-01,очень,77,40.5,5.0,102.2
2010-01,образование,49,25.8,1.0,98.6
2010-01,сегодня,52,27.4,2.1,85.2
2010-01,странник,32,16.8,0.0,84.1
2010-01,образовательный,29,15.3,0.0,76.2
2010-01,негосударственный,27,14.2,0.0,70.9
2010-01,гимназия,30,15.8,0.2,70.6
2010-01,учреждение,40,21.1,2.1,58.8
2010-01,финансирование,20,10.5,0.0,52.6
