group,issue,count,per10k
"литургия, Евхаристия",1944-01,3,4.1
"литургия, Евхаристия",1960-01,36,12.2
"литургия, Евхаристия",1982-01,161,38.1
"литургия, Евхаристия",2010-01,30,10.5
"всенощное бдение, вечерня, утреня",1944-01,1,1.4
"всенощное бдение, вечерня, утреня",1960-01,7,2.4
"всенощное бдение, вечерня, утреня",1982-01,30,7.1
"всенощное бдение, вечерня, утреня",2010-01,3,1.1
"молебен, панихида, акафист",1944-01,0,0.0
"молебен, панихида, акафист",1960-01,10,3.4
"молебен, панихида, акафист",1982-01,22,5.2
"молебен, панихида, акафист",2010-01,5,1.8
"тропарь, кондак, стихира, канон, ирмос",1944-01,2,2.7
"тропарь, кондак, стихира, канон, ирмос",1960-01,21,7.1
"тропарь, кондак, стихира, канон, ирмос",1982-01,30,7.1
"тропарь, кондак, стихира, канон, ирмос",2010-01,9,3.2
"хиротония, наречение, рукоположение",1944-01,6,8.1
"хиротония, наречение, рукоположение",1960-01,8,2.7
"хиротония, наречение, рукоположение",1982-01,36,8.5
"хиротония, наречение, рукоположение",2010-01,21,7.4
"сослужение, сослужащие",1944-01,1,1.4
"сослужение, сослужащие",1960-01,8,2.7
"сослужение, сослужащие",1982-01,24,5.7
"сослужение, сослужащие",2010-01,9,3.2
