issue,mir_total,collocate,count
1944-01,8,патриарх,2
1944-01,8,человечество,2
1944-01,8,скорый,1
1944-01,8,счастливый,1
1944-01,8,александр,1
1944-01,8,многолетний,1
1944-01,8,сергий,1
1944-01,8,даровать,1
1960-01,186,земля,19
1960-01,186,борьба,12
1960-01,186,христос,8
1960-01,186,любовь,8
1960-01,186,человек,7
1960-01,186,наш,7
1960-01,186,защита,7
1960-01,186,бог,6
1982-01,204,быть,12
1982-01,204,сохранение,11
1982-01,204,защита,10
1982-01,204,дело,10
1982-01,204,служение,9
1982-01,204,современный,9
1982-01,204,борьба,8
1982-01,204,христианский,7
2010-01,31,русский,3
2010-01,31,современный,3
2010-01,31,где,3
2010-01,31,духовный,3
2010-01,31,спаситель,2
2010-01,31,свет,2
2010-01,31,христос,2
2010-01,31,сохранять,2
