issue,rubric,forms,words,per10k
1944-01,Корреспонденции с мест,0,800,0.0
1944-01,Официальная часть,0,917,0.0
1944-01,"Речи, проповеди",2,588,34.0
1944-01,Статьи,4,4359,9.2
1960-01,Библиография,1,1516,6.6
1960-01,В защиту мира,3,1538,19.5
1960-01,Официальная часть,11,3519,31.3
1960-01,Статьи,23,10228,22.5
1960-01,Церковная жизнь,1,12606,0.8
1982-01,Богословский отдел,62,6848,90.5
1982-01,В защиту мира,0,2661,0.0
1982-01,Из богослужебной практики,49,1228,399.0
1982-01,Официальный отдел (без заголовка рубрики),0,3868,0.0
1982-01,Проповедь,8,3266,24.5
1982-01,Церковная жизнь,7,17060,4.1
1982-01,Экуменические контакты,1,7072,1.4
2010-01,(вне оглавления),3,1145,26.2
2010-01,Вечная память,0,2171,0.0
2010-01,Духовное наследие,3,2287,13.1
2010-01,Официальная хроника,6,7230,8.3
2010-01,Церковная жизнь,0,8613,0.0
2010-01,Церковное искусство,0,2903,0.0
2010-01,Церковь и общество,0,2200,0.0
2010-01,Чтение,2,1903,10.5
