issue,order,rubric,pages,share
1944-01,0,Официальная часть,6,20.7
1944-01,1,"Речи, проповеди",2,6.9
1944-01,2,Церковная жизнь,2,6.9
1944-01,3,Статьи,13,44.8
1944-01,4,Корреспонденции с мест,4,13.8
1944-01,5,(вне оглавления),2,6.9
1960-01,0,Официальная часть,12,15.6
1960-01,1,Церковная жизнь,32,41.6
1960-01,2,В защиту мира,4,5.2
1960-01,3,Статьи,24,31.2
1960-01,4,Из жизни автокефальных православных церквей,1,1.3
1960-01,5,Библиография,4,5.2
1982-01,0,Официальный отдел (без заголовка рубрики),7,8.9
1982-01,1,Церковная жизнь,33,41.8
1982-01,2,Проповедь,6,7.6
1982-01,3,В защиту мира,4,5.1
1982-01,4,Из жизни Православия,1,1.3
1982-01,5,Экуменические контакты,14,17.7
1982-01,6,Богословский отдел,12,15.2
1982-01,7,Из богослужебной практики,2,2.5
2010-01,0,(вне оглавления),5,6.2
2010-01,1,Официальная хроника,24,30.0
2010-01,2,Церковная жизнь,18,22.5
2010-01,3,Церковь и общество,6,7.5
2010-01,4,Духовное наследие,6,7.5
2010-01,5,Церковное искусство,6,7.5
2010-01,6,Чтение,6,7.5
2010-01,7,Вечная память,9,11.2
